Modelo,F1 teste,AUC teste,Prec,Rec,θ usado
Naive Bayes,0.4351032448377581,0.7682357013632525,0.44696969696969696,0.4238505747126437,0.3215248512780432
KNN,0.4434719183078045,0.719022459178946,0.45037037037037037,0.4367816091954023,0.25126112383861515
SVM (RBF),0.48717948717948717,0.7872989344284633,0.39799635701275043,0.6278735632183908,0.21102729782959123
TabNet,0.49626104690686607,0.7919881933919051,0.47096774193548385,0.5244252873563219,0.1682603806257248
XGBoost,0.5035506778566817,0.7910187654212288,0.45720984759671746,0.5603448275862069,0.6506088376045227
Deep MLP,0.5047801147227533,0.8012110577941013,0.4536082474226804,0.5689655172413793,0.2354921887928847
Decision Tree,0.5057324840764331,0.78934483492341,0.45423340961098396,0.5704022988505747,0.6631840924999353
MLP,0.5060858424087123,0.8028380826001371,0.45664739884393063,0.5675287356321839,0.22180218421545045
