Modelo,F1 (θ=0.5),F1 (θ ótimo),θ ótimo,AUC val,Precisão (θ ótimo),Recall (θ ótimo)
Naive Bayes,0.40183346065699005,0.4118070504355885,0.3215248512780432,0.7485135703027407,0.4126984126984127,0.4109195402298851
KNN,0.3540753724802805,0.4126760513399723,0.25126112383861515,0.6924952002481618,0.4046961325966851,0.4209770114942529
SVM (RBF),0.0,0.45592363364391936,0.21102729782959123,0.763938274981765,0.3741935483870968,0.5833333333333334
XGBoost,0.43680592279217345,0.4653846104426036,0.6506088376045227,0.765789663975452,0.4201388888888889,0.521551724137931
TabNet,0.27262313860252,0.4654594182279459,0.1682603806257248,0.7780696404168448,0.43647798742138366,0.4985632183908046
Deep MLP,0.28507795100222716,0.47619047124481345,0.2354921887928847,0.7809776560024144,0.43123543123543123,0.5316091954022989
Decision Tree,0.46027074749852853,0.477386929752279,0.6631840924999353,0.767328361712652,0.42410714285714285,0.5459770114942529
MLP,0.3229946524064171,0.483247417733553,0.22180218421545045,0.7754483785641826,0.4380841121495327,0.5387931034482759
